
<beans xmlns="http://www.springframework.org/schema/beans"
	xmlns:xsi="http://www.w3.org/2001/XMLSchema-instance" xmlns:p="http://www.springframework.org/schema/p"
	xmlns:context="http://www.springframework.org/schema/context"
	xmlns:jaxrs="http://cxf.apache.org/jaxrs"
	xsi:schemaLocation="
			http://www.springframework.org/schema/beans http://www.springframework.org/schema/beans/spring-beans-3.0.xsd
			http://www.springframework.org/schema/context http://www.springframework.org/schema/context/spring-context-3.0.xsd
			http://cxf.apache.org/jaxrs http://cxf.apache.org/schemas/jaxrs.xsd">

	<jaxrs:server id="cxfFactory" address="/">
		<jaxrs:serviceBeans>
			<ref
				bean="defaultService" />
		</jaxrs:serviceBeans>

		<jaxrs:inInterceptors>
			<bean class="org.apache.cxf.jaxrs.provider.jsonp.JsonpInInterceptor" />
		</jaxrs:inInterceptors>
		<jaxrs:outInterceptors>
			<bean class="org.apache.cxf.jaxrs.provider.jsonp.JsonpPreStreamInterceptor" />
			<bean
				class="org.apache.cxf.jaxrs.provider.jsonp.JsonpPostStreamInterceptor" />
		</jaxrs:outInterceptors>

		<jaxrs:features>
			<bean class="org.apache.cxf.feature.LoggingFeature" />
		</jaxrs:features>

		<jaxrs:providers>
			<!-- <bean class="org.codehaus.jackson.jaxrs.JacksonJaxbJsonProvider" /> -->
			<!-- <bean class="org.apache.cxf.jaxrs.provider.json.JSONProvider" /> -->
			<bean class="com.ge.predix.solsvc.boot.service.cxf.ApplicationJSONProvider" /> 
		</jaxrs:providers>
	</jaxrs:server>

</beans>